timestamp,bus,can_id,payload
1780704560.962718,vcan0,00A,00000000
1780704560.994700,vcan0,00A,00000000
1780704561.026681,vcan0,00A,00000000
1780704561.058685,vcan0,00A,00000000
1780704561.090620,vcan0,00A,00000000
1780704561.110797,vcan0,00A,00000000
1780704561.183186,vcan0,00A,00000000
1780704561.183242,vcan0,7D1,7F000000
1780704561.183267,vcan0,603,00
1780704561.183291,vcan0,604,00
1780704561.183313,vcan0,607,00000000
1780704561.214680,vcan0,00A,00000000
1780704561.258950,vcan0,00A,00000000
1780704561.290641,vcan0,00A,00000000
1780704561.333619,vcan0,00A,00000000
1780704561.364651,vcan0,00A,00000000
1780704561.409256,vcan0,00A,00000000
1780704561.409307,vcan0,603,00
1780704561.409334,vcan0,604,00
1780704561.409364,vcan0,607,00000000
1780704561.440632,vcan0,00A,00000000
1780704561.440667,vcan0,7D0,00000000
1780704561.440688,vcan0,7D1,7F000000
1780704561.440709,vcan0,606,00
1780704561.485595,vcan0,00A,00000000
1780704561.516626,vcan0,00A,00000000
1780704561.560098,vcan0,00A,00000000
1780704561.592681,vcan0,00A,00000000
1780704561.638190,vcan0,00A,00000000
1780704561.638240,vcan0,603,00
1780704561.638274,vcan0,604,00
1780704561.638308,vcan0,607,00000000
1780704561.669654,vcan0,00A,00000000
1780704561.713401,vcan0,00A,00000000
1780704561.713456,vcan0,7D1,7F000000
1780704561.744594,vcan0,00A,00000000
1780704561.790001,vcan0,00A,00000000
1780704561.821599,vcan0,00A,00000000
1780704561.864854,vcan0,00A,00000000
1780704561.864915,vcan0,603,00
1780704561.864956,vcan0,604,00
1780704561.864997,vcan0,607,00000000
1780704561.896599,vcan0,00A,00000000
1780704561.938906,vcan0,00A,00000000
1780704561.954792,vcan0,7D0,00000000
1780704561.954853,vcan0,606,00
1780704561.970598,vcan0,00A,00000000
1780704561.970626,vcan0,7D1,7F000000
1780704562.015267,vcan0,00A,00000000
1780704562.046606,vcan0,00A,00000000
1780704562.088715,vcan0,00A,00000000
1780704562.088767,vcan0,603,00
1780704562.088802,vcan0,604,00
1780704562.088835,vcan0,607,00000000
1780704562.120614,vcan0,00A,00000000
1780704562.164569,vcan0,00A,00000000
1780704562.195612,vcan0,00A,00000000
1780704562.239108,vcan0,00A,00000000
1780704562.239179,vcan0,7D1,7F000000
1780704562.270606,vcan0,00A,00000000
1780704562.312993,vcan0,00A,00000000
1780704562.313031,vcan0,603,00
1780704562.313063,vcan0,604,00
1780704562.313086,vcan0,607,00000000
1780704562.344631,vcan0,00A,00000000
1780704562.387731,vcan0,00A,00000000
1780704562.419612,vcan0,00A,00000000
1780704562.462185,vcan0,00A,00000000
1780704562.462226,vcan0,7D0,00000000
1780704562.462258,vcan0,606,00
1780704562.493639,vcan0,00A,00000000
1780704562.493681,vcan0,7D1,7F000000
1780704562.537623,vcan0,00A,00000000
1780704562.537671,vcan0,603,00
1780704562.537704,vcan0,604,00
1780704562.537732,vcan0,607,00000000
1780704562.568621,vcan0,00A,00000000
1780704562.612116,vcan0,00A,00000000
1780704562.643617,vcan0,00A,00000000
1780704562.686250,vcan0,00A,00000000
1780704562.717633,vcan0,00A,00000000
1780704562.761600,vcan0,00A,00000000
1780704562.761647,vcan0,7D1,7F000000
1780704562.761677,vcan0,603,00
1780704562.761702,vcan0,604,00
1780704562.761731,vcan0,607,00000000
1780704562.791661,vcan0,00A,00000000
1780704562.838331,vcan0,00A,00000000
1780704562.869636,vcan0,00A,00000000
1780704562.914516,vcan0,00A,00000000
1780704562.945628,vcan0,00A,00000000
1780704562.990239,vcan0,00A,00000000
1780704562.990295,vcan0,7D0,00000000
1780704562.990331,vcan0,603,00
1780704562.990365,vcan0,604,00
1780704562.990400,vcan0,606,00
1780704562.990433,vcan0,607,00000000
1780704563.021597,vcan0,00A,00000000
1780704563.021631,vcan0,7D1,7F000000
1780704563.064013,vcan0,00A,00000000
1780704563.095588,vcan0,00A,00000000
1780704563.138846,vcan0,00A,00000000
1780704563.170605,vcan0,00A,00000000
1780704563.212597,vcan0,00A,00000000
1780704563.212650,vcan0,603,00
1780704563.212686,vcan0,604,00
1780704563.212723,vcan0,607,00000000
1780704563.243614,vcan0,00A,00000000
1780704563.287833,vcan0,00A,00000000
1780704563.287896,vcan0,7D1,7F000000
1780704563.319616,vcan0,00A,00000000
1780704563.362420,vcan0,00A,00000000
1780704563.393607,vcan0,00A,00000000
1780704563.436479,vcan0,00A,00000000
1780704563.436533,vcan0,603,00
1780704563.436578,vcan0,604,00
1780704563.436611,vcan0,607,00000000
1780704563.467604,vcan0,00A,00000000
1780704563.511689,vcan0,00A,00000000
1780704563.511739,vcan0,7D0,00000000
1780704563.511776,vcan0,606,00
1780704563.543609,vcan0,00A,00000000
1780704563.543648,vcan0,7D1,7F000000
1780704563.586107,vcan0,00A,00000000
1780704563.617621,vcan0,00A,00000000
1780704563.661065,vcan0,00A,00000000
1780704563.661119,vcan0,603,00
1780704563.661154,vcan0,604,00
1780704563.661201,vcan0,607,00000000
1780704563.692622,vcan0,00A,00000000
1780704563.736789,vcan0,00A,00000000
1780704563.767583,vcan0,00A,00000000
1780704563.810900,vcan0,00A,00000000
1780704563.810950,vcan0,7D1,7F000000
1780704563.842601,vcan0,00A,00000000
1780704563.885990,vcan0,00A,00000000
1780704563.886071,vcan0,603,00
1780704563.886103,vcan0,604,00
1780704563.886141,vcan0,607,00000000
1780704563.917593,vcan0,00A,00000000
1780704563.960268,vcan0,00A,00000000
1780704563.991613,vcan0,00A,00000000
1780704564.035456,vcan0,00A,00000000
1780704564.035510,vcan0,7D0,00000000
1780704564.035550,vcan0,606,00
1780704564.066599,vcan0,00A,00000000
1780704564.066636,vcan0,7D1,7F000000
1780704564.109239,vcan0,00A,00000000
1780704564.109305,vcan0,603,00
1780704564.109339,vcan0,604,00
1780704564.109372,vcan0,607,00000000
1780704564.140607,vcan0,00A,00000000
1780704564.184084,vcan0,00A,00000000
1780704564.215599,vcan0,00A,00000000
1780704564.258500,vcan0,00A,00000000
1780704564.289600,vcan0,00A,00000000
1780704564.332537,vcan0,00A,00000000
1780704564.332620,vcan0,7D1,7F000000
1780704564.332651,vcan0,603,00
1780704564.332681,vcan0,604,00
1780704564.332705,vcan0,607,00000000
1780704564.363608,vcan0,00A,00000000
1780704564.407562,vcan0,00A,00000000
1780704564.438635,vcan0,00A,00000000
1780704564.483877,vcan0,00A,00000000
1780704564.515589,vcan0,00A,00000000
1780704564.558714,vcan0,00A,00000000
1780704564.558770,vcan0,7D0,00000000
1780704564.558808,vcan0,603,00
1780704564.558842,vcan0,604,00
1780704564.558878,vcan0,606,00
1780704564.558913,vcan0,607,00000000
1780704564.590581,vcan0,00A,00000000
1780704564.590620,vcan0,7D1,7F000000
1780704564.633970,vcan0,00A,00000000
1780704564.665595,vcan0,00A,00000000
1780704564.708972,vcan0,00A,00000000
1780704564.740603,vcan0,00A,00000000
1780704564.783904,vcan0,00A,00000000
1780704564.784010,vcan0,603,00
1780704564.784043,vcan0,604,00
1780704564.784078,vcan0,607,00000000
1780704564.815585,vcan0,00A,00000000
1780704564.859319,vcan0,00A,00000000
1780704564.859376,vcan0,7D1,7F000000
1780704564.890616,vcan0,00A,00000000
1780704564.937357,vcan0,00A,00000000
1780704564.968607,vcan0,00A,00000000
1780704565.012911,vcan0,00A,00000000
1780704565.012970,vcan0,603,00
1780704565.013003,vcan0,604,00
1780704565.013036,vcan0,607,00000000
1780704565.044592,vcan0,00A,00000000
1780704565.088111,vcan0,00A,00000000
1780704565.088165,vcan0,7D0,00000000
1780704565.088210,vcan0,606,00
1780704565.119574,vcan0,00A,00000000
1780704565.119612,vcan0,7D1,7F000000
1780704565.162420,vcan0,00A,00000000
1780704565.193586,vcan0,00A,00000000
1780704565.238678,vcan0,00A,00000000
1780704565.238760,vcan0,603,00
1780704565.238814,vcan0,604,00
1780704565.238875,vcan0,607,00000000
1780704565.269577,vcan0,00A,00000000
1780704565.313148,vcan0,00A,00000000
1780704565.344599,vcan0,00A,00000000
1780704565.387455,vcan0,00A,00000000
1780704565.387518,vcan0,7D1,7F000000
1780704565.418576,vcan0,00A,00000000
1780704565.462432,vcan0,00A,00000000
1780704565.462487,vcan0,603,00
1780704565.462516,vcan0,604,00
1780704565.462547,vcan0,607,00000000
1780704565.493553,vcan0,00A,00000000
1780704565.537654,vcan0,00A,00000000
1780704565.569571,vcan0,00A,00000000
1780704565.612793,vcan0,00A,00000000
1780704565.612845,vcan0,7D0,00000000
1780704565.612891,vcan0,606,00
1780704565.644608,vcan0,00A,00000000
1780704565.644646,vcan0,7D1,7F000000
1780704565.687290,vcan0,00A,00000000
1780704565.687342,vcan0,603,00
1780704565.687375,vcan0,604,00
1780704565.687412,vcan0,607,00000000
1780704565.718570,vcan0,00A,00000000
1780704565.764822,vcan0,00A,00000000
1780704565.796550,vcan0,00A,00000000
1780704565.838975,vcan0,00A,00000000
1780704565.870537,vcan0,00A,00000000
1780704565.913885,vcan0,00A,00000000
1780704565.913986,vcan0,7D1,7F000000
1780704565.914038,vcan0,603,00
1780704565.914068,vcan0,604,00
1780704565.914096,vcan0,607,00000000
1780704565.945546,vcan0,00A,00000000
1780704565.990433,vcan0,00A,00000000
1780704566.021552,vcan0,00A,00000000
1780704566.065193,vcan0,00A,00000000
1780704566.096544,vcan0,00A,00000000
1780704566.141190,vcan0,00A,00000000
1780704566.141236,vcan0,7D0,00000000
1780704566.141266,vcan0,603,00
1780704566.141287,vcan0,604,00
1780704566.141316,vcan0,606,00
1780704566.141351,vcan0,607,00000000
1780704566.172542,vcan0,00A,00000000
1780704566.172579,vcan0,7D1,7F000000
1780704566.215264,vcan0,00A,00000000
1780704566.246590,vcan0,00A,00000000
1780704566.290957,vcan0,00A,00000000
1780704566.322542,vcan0,00A,00000000
1780704566.366097,vcan0,00A,00000000
1780704566.366239,vcan0,603,00
1780704566.366286,vcan0,604,00
1780704566.366320,vcan0,607,00000000
1780704566.397545,vcan0,00A,00000000
1780704566.440776,vcan0,00A,00000000
1780704566.440819,vcan0,7D1,7F000000
1780704566.472537,vcan0,00A,00000000
1780704566.515448,vcan0,00A,00000000
1780704566.546537,vcan0,00A,00000000
1780704566.589992,vcan0,00A,00000000
1780704566.590062,vcan0,603,00
1780704566.590099,vcan0,604,00
1780704566.590143,vcan0,607,00000000
1780704566.621558,vcan0,00A,00000000
1780704566.665968,vcan0,00A,00000000
1780704566.666018,vcan0,7D0,00000000
1780704566.666051,vcan0,606,00
1780704566.697559,vcan0,00A,00000000
1780704566.697596,vcan0,7D1,7F000000
1780704566.741555,vcan0,00A,00000000
1780704566.771576,vcan0,00A,00000000
1780704566.815367,vcan0,00A,00000000
1780704566.815422,vcan0,603,00
1780704566.815447,vcan0,604,00
1780704566.815474,vcan0,607,00000000
1780704566.846564,vcan0,00A,00000000
1780704566.890707,vcan0,00A,00000000
1780704566.921555,vcan0,00A,00000000
1780704566.964315,vcan0,00A,00000000
1780704566.964377,vcan0,7D1,7F000000
1780704566.995559,vcan0,00A,00000000
1780704567.039878,vcan0,00A,00000000
1780704567.039945,vcan0,603,00
1780704567.039976,vcan0,604,00
1780704567.040006,vcan0,607,00000000
1780704567.071544,vcan0,00A,00000000
1780704567.114673,vcan0,00A,00000000
1780704567.146545,vcan0,00A,00000000
1780704567.188976,vcan0,00A,00000000
1780704567.189024,vcan0,7D0,00000000
1780704567.189055,vcan0,606,00
1780704567.220551,vcan0,00A,00000000
1780704567.220587,vcan0,7D1,7F000000
1780704567.264299,vcan0,00A,00000000
1780704567.264353,vcan0,603,00
1780704567.264384,vcan0,604,00
1780704567.264417,vcan0,607,00000000
1780704567.295541,vcan0,00A,00000000
1780704567.338938,vcan0,00A,00000000
1780704567.370565,vcan0,00A,00000000
1780704567.414911,vcan0,00A,00000000
1780704567.446538,vcan0,00A,00000000
1780704567.489951,vcan0,00A,00000000
1780704567.490015,vcan0,7D1,7F000000
1780704567.490047,vcan0,603,00
1780704567.490076,vcan0,604,00
1780704567.490109,vcan0,607,00000000
1780704567.521563,vcan0,00A,00000000
1780704567.563556,vcan0,00A,00000000
1780704567.595534,vcan0,00A,00000000
1780704567.639066,vcan0,00A,00000000
1780704567.670560,vcan0,00A,00000000
1780704567.712819,vcan0,00A,00000000
1780704567.712888,vcan0,7D0,00000000
1780704567.712919,vcan0,603,00
1780704567.712946,vcan0,604,00
1780704567.712979,vcan0,606,00
1780704567.713017,vcan0,607,00000000
1780704567.744547,vcan0,00A,00000000
1780704567.744587,vcan0,7D1,7F000000
1780704567.789925,vcan0,00A,00000000
1780704567.821536,vcan0,00A,00000000
1780704567.863972,vcan0,00A,00000000
1780704567.895540,vcan0,00A,00000000
1780704567.938430,vcan0,00A,00000000
1780704567.938492,vcan0,603,00
1780704567.938523,vcan0,604,00
1780704567.938553,vcan0,607,00000000
1780704567.969532,vcan0,00A,00000000
1780704568.014341,vcan0,00A,00000000
1780704568.014419,vcan0,7D1,7F000000
1780704568.045545,vcan0,00A,00000000
1780704568.089623,vcan0,00A,00000000
1780704568.120543,vcan0,00A,00000000
1780704568.164848,vcan0,00A,00000000
1780704568.164897,vcan0,603,00
1780704568.164926,vcan0,604,00
1780704568.164954,vcan0,607,00000000
1780704568.196539,vcan0,00A,00000000
1780704568.240342,vcan0,00A,00000000
1780704568.240385,vcan0,7D0,00000000
1780704568.240417,vcan0,606,00
1780704568.271550,vcan0,00A,00000000
1780704568.271585,vcan0,7D1,7F000000
1780704568.315680,vcan0,00A,00000000
1780704568.347545,vcan0,00A,00000000
1780704568.391618,vcan0,00A,00000000
1780704568.391704,vcan0,603,00
1780704568.391732,vcan0,604,00
1780704568.391762,vcan0,607,00000000
1780704568.422544,vcan0,00A,00000000
1780704568.464597,vcan0,00A,00000000
1780704568.495558,vcan0,00A,00000000
1780704568.538920,vcan0,00A,00000000
1780704568.538981,vcan0,7D1,7F000000
1780704568.570522,vcan0,00A,00000000
1780704568.614642,vcan0,00A,00000000
1780704568.614700,vcan0,603,00
1780704568.614729,vcan0,604,00
1780704568.614758,vcan0,607,00000000
1780704568.645520,vcan0,00A,00000000
1780704568.689577,vcan0,00A,00000000
1780704568.720536,vcan0,00A,00000000
1780704568.764694,vcan0,00A,00000000
1780704568.764775,vcan0,7D0,00000000
1780704568.764829,vcan0,606,00
1780704568.795530,vcan0,00A,00000000
1780704568.795567,vcan0,7D1,7F000000
1780704568.838409,vcan0,00A,00000000
1780704568.838498,vcan0,603,00
1780704568.838528,vcan0,604,00
1780704568.838554,vcan0,607,00000000
1780704568.869569,vcan0,00A,00000000
1780704568.914221,vcan0,00A,00000000
1780704568.945537,vcan0,00A,00000000
1780704568.989950,vcan0,00A,00000000
1780704569.021531,vcan0,00A,00000000
1780704569.064532,vcan0,00A,00000000
1780704569.064578,vcan0,7D1,7F000000
1780704569.064602,vcan0,603,00
1780704569.064626,vcan0,604,00
1780704569.064651,vcan0,607,00000000
1780704569.095496,vcan0,00A,00000000
1780704569.139963,vcan0,00A,00000000
1780704569.171565,vcan0,00A,00000000
1780704569.214085,vcan0,00A,00000000
1780704569.245517,vcan0,00A,00000000
1780704569.290451,vcan0,00A,00000000
1780704569.290517,vcan0,7D0,00000000
1780704569.290551,vcan0,603,00
1780704569.290577,vcan0,604,00
1780704569.290607,vcan0,606,00
1780704569.290634,vcan0,607,00000000
1780704569.321502,vcan0,00A,00000000
1780704569.321537,vcan0,7D1,7F000000
1780704569.365371,vcan0,00A,00000000
1780704569.396504,vcan0,00A,00000000
1780704569.440239,vcan0,00A,00000000
1780704569.471500,vcan0,00A,00000000
1780704569.514620,vcan0,00A,00000000
1780704569.514672,vcan0,603,00
1780704569.514704,vcan0,604,00
1780704569.514735,vcan0,607,00000000
1780704569.546504,vcan0,00A,00000000
1780704569.589040,vcan0,00A,00000000
1780704569.589094,vcan0,7D1,7F000000
1780704569.620517,vcan0,00A,00000000
1780704569.663839,vcan0,00A,00000000
1780704569.695524,vcan0,00A,00000000
1780704569.739571,vcan0,00A,00000000
1780704569.739632,vcan0,603,00
1780704569.739674,vcan0,604,00
1780704569.739707,vcan0,607,00000000
1780704569.769693,vcan0,00A,00000000
1780704569.815145,vcan0,00A,00000000
1780704569.815214,vcan0,7D0,00000000
1780704569.815255,vcan0,606,00
1780704569.846501,vcan0,00A,00000000
1780704569.846537,vcan0,7D1,7F000000
1780704569.889596,vcan0,00A,00000000
1780704569.921510,vcan0,00A,00000000
1780704569.962641,vcan0,00A,00000000
1780704569.962686,vcan0,603,00
1780704569.962721,vcan0,604,00
1780704569.962756,vcan0,607,00000000
1780704569.994507,vcan0,00A,00000000
1780704570.038323,vcan0,00A,00000000
1780704570.069502,vcan0,00A,00000000
1780704570.112976,vcan0,00A,00000000
1780704570.113026,vcan0,7D1,7F000000
1780704570.144487,vcan0,00A,00000000
1780704570.186662,vcan0,00A,00000000
1780704570.186707,vcan0,603,00
1780704570.186736,vcan0,604,00
1780704570.186765,vcan0,607,00000000
1780704570.218489,vcan0,00A,00000000
1780704570.261602,vcan0,00A,00000000
1780704570.293509,vcan0,00A,00000000
1780704570.336020,vcan0,00A,00000000
1780704570.336063,vcan0,7D0,00000000
1780704570.336098,vcan0,606,00
1780704570.367495,vcan0,00A,00000000
1780704570.367528,vcan0,7D1,7F000000
1780704570.409852,vcan0,00A,00000000
1780704570.409895,vcan0,603,00
1780704570.409924,vcan0,604,00
1780704570.409954,vcan0,607,00000000
1780704570.441501,vcan0,00A,00000000
1780704570.484053,vcan0,00A,00000000
1780704570.515493,vcan0,00A,00000000
1780704570.558442,vcan0,00A,00000000
1780704570.590544,vcan0,00A,00000000
1780704570.634231,vcan0,00A,00000000
1780704570.634285,vcan0,7D1,7F000000
1780704570.634317,vcan0,603,00
1780704570.634345,vcan0,604,00
1780704570.634373,vcan0,607,00000000
1780704570.665471,vcan0,00A,00000000
1780704570.708161,vcan0,00A,00000000
1780704570.739493,vcan0,00A,00000000
1780704570.782106,vcan0,00A,00000000
1780704570.813504,vcan0,00A,00000000
1780704570.856678,vcan0,00A,00000000
1780704570.856751,vcan0,7D0,00000000
1780704570.856796,vcan0,603,00
1780704570.856835,vcan0,604,00
1780704570.856871,vcan0,606,00
1780704570.856902,vcan0,607,00000000
1780704570.888502,vcan0,00A,00000000
1780704570.888539,vcan0,7D1,7F000000
1780704570.931555,vcan0,00A,00000000
1780704570.962528,vcan0,00A,00000000
1780704571.006143,vcan0,00A,00000000
1780704571.037494,vcan0,00A,00000000
1780704571.081026,vcan0,00A,00000000
1780704571.081104,vcan0,603,00
1780704571.081146,vcan0,604,00
1780704571.081187,vcan0,607,00000000
1780704571.112482,vcan0,00A,00000000
1780704571.155963,vcan0,00A,00000000
1780704571.156268,vcan0,7D1,7F000000
1780704571.187511,vcan0,00A,00000000
1780704571.231770,vcan0,00A,00000000
1780704571.263474,vcan0,00A,00000000
1780704571.305441,vcan0,00A,00000000
1780704571.305478,vcan0,603,00
1780704571.305501,vcan0,604,00
1780704571.305528,vcan0,607,00000000
1780704571.336548,vcan0,00A,00000000
1780704571.369256,vcan0,00A,00000000
1780704571.369306,vcan0,7D0,00000000
1780704571.369339,vcan0,606,00
1780704571.400540,vcan0,00A,00000000
1780704571.416605,vcan0,7D1,7F000000
1780704571.432539,vcan0,00A,00000000
1780704571.464595,vcan0,00A,00000000
1780704571.496599,vcan0,00A,00000000
1780704571.512605,vcan0,603,00
1780704571.512655,vcan0,604,00
1780704571.512677,vcan0,607,00000000
1780704571.528846,vcan0,00A,00000000
1780704571.560638,vcan0,00A,00000000
1780704571.593570,vcan0,00A,00000000
1780704571.625669,vcan0,00A,00000000
1780704571.657562,vcan0,00A,00000000
1780704571.673619,vcan0,7D1,7F000000
1780704571.689562,vcan0,00A,00000000
1780704571.721518,vcan0,00A,00000000
1780704571.721553,vcan0,603,00
1780704571.721571,vcan0,604,00
1780704571.721590,vcan0,607,00000000
1780704571.753506,vcan0,00A,00000000
1780704571.784511,vcan0,00A,00000000
1780704571.816483,vcan0,00A,00000000
1780704571.848489,vcan0,00A,00000000
1780704571.880488,vcan0,00A,00000000
1780704571.880519,vcan0,7D0,00000000
1780704571.880541,vcan0,606,00
1780704571.912490,vcan0,00A,00000000
1780704571.928473,vcan0,7D1,7F000000
1780704571.928499,vcan0,603,00
1780704571.928516,vcan0,604,00
1780704571.928534,vcan0,607,00000000
1780704571.944482,vcan0,00A,00000000
1780704571.976498,vcan0,00A,00000000
1780704572.008492,vcan0,00A,00000000
1780704572.040484,vcan0,00A,00000000
1780704572.072487,vcan0,00A,00000000
1780704572.104531,vcan0,00A,00000000
1780704572.136535,vcan0,00A,00000000
1780704572.136569,vcan0,603,00
1780704572.136586,vcan0,604,00
1780704572.136604,vcan0,607,00000000
1780704572.168516,vcan0,00A,00000000
1780704572.184519,vcan0,7D1,7F000000
1780704572.200525,vcan0,00A,00000000
1780704572.232544,vcan0,00A,00000000
1780704572.264546,vcan0,00A,00000000
1780704572.296625,vcan0,00A,00000000
1780704572.328550,vcan0,00A,00000000
1780704572.344524,vcan0,603,00
1780704572.344560,vcan0,604,00
1780704572.344580,vcan0,607,00000000
1780704572.360516,vcan0,00A,00000000
1780704572.392474,vcan0,00A,00000000
1780704572.392504,vcan0,7D0,00000000
1780704572.392524,vcan0,606,00
1780704572.424480,vcan0,00A,00000000
1780704572.440485,vcan0,7D1,7F000000
1780704572.456486,vcan0,00A,00000000
1780704572.488504,vcan0,00A,00000000
1780704572.520507,vcan0,00A,00000000
1780704572.552503,vcan0,00A,00000000
1780704572.552536,vcan0,603,00
1780704572.552560,vcan0,604,00
1780704572.552582,vcan0,607,00000000
1780704572.585488,vcan0,00A,00000000
1780704572.617476,vcan0,00A,00000000
1780704572.649492,vcan0,00A,00000000
1780704572.681478,vcan0,00A,00000000
1780704572.697510,vcan0,7D1,7F000000
1780704572.713838,vcan0,00A,00000000
1780704572.745536,vcan0,00A,00000000
1780704572.761573,vcan0,603,00
1780704572.761619,vcan0,604,00
1780704572.761644,vcan0,607,00000000
1780704572.776532,vcan0,00A,00000000
1780704572.808515,vcan0,00A,00000000
1780704572.840534,vcan0,00A,00000000
1780704572.872554,vcan0,00A,00000000
1780704572.904570,vcan0,00A,00000000
1780704572.904614,vcan0,7D0,00000000
1780704572.904638,vcan0,606,00
1780704572.936501,vcan0,00A,00000000
1780704572.952504,vcan0,7D1,7F000000
1780704572.968539,vcan0,00A,00000000
1780704572.968584,vcan0,603,00
1780704572.968603,vcan0,604,00
1780704572.968621,vcan0,607,00000000
1780704573.000556,vcan0,00A,00000000
1780704573.032494,vcan0,00A,00000000
1780704573.064541,vcan0,00A,00000000
1780704573.096530,vcan0,00A,00000000
1780704573.128507,vcan0,00A,00000000
1780704573.160543,vcan0,00A,00000000
1780704573.176487,vcan0,603,00
1780704573.176517,vcan0,604,00
1780704573.176537,vcan0,607,00000000
1780704573.192518,vcan0,00A,00000000
1780704573.208494,vcan0,7D1,7F000000
1780704573.224502,vcan0,00A,00000000
1780704573.256500,vcan0,00A,00000000
1780704573.288513,vcan0,00A,00000000
1780704573.320645,vcan0,00A,00000000
1780704573.352483,vcan0,00A,00000000
1780704573.384480,vcan0,00A,00000000
1780704573.384510,vcan0,603,00
1780704573.384528,vcan0,604,00
1780704573.384546,vcan0,607,00000000
1780704573.416461,vcan0,00A,00000000
1780704573.416492,vcan0,7D0,00000000
1780704573.416513,vcan0,606,00
1780704573.448456,vcan0,00A,00000000
1780704573.464474,vcan0,7D1,7F000000
1780704573.480465,vcan0,00A,00000000
1780704573.512462,vcan0,00A,00000000
1780704573.544453,vcan0,00A,00000000
1780704573.576457,vcan0,00A,00000000
1780704573.593513,vcan0,603,00
1780704573.593563,vcan0,604,00
1780704573.593592,vcan0,607,00000000
1780704573.609451,vcan0,00A,00000000
1780704573.641609,vcan0,00A,00000000
1780704573.673547,vcan0,00A,00000000
1780704573.705513,vcan0,00A,00000000
1780704573.721566,vcan0,7D1,7F000000
1780704573.737523,vcan0,00A,00000000
1780704573.768503,vcan0,00A,00000000
1780704573.800530,vcan0,00A,00000000
1780704573.800587,vcan0,603,00
1780704573.800610,vcan0,604,00
1780704573.800630,vcan0,607,00000000
1780704573.832486,vcan0,00A,00000000
1780704573.864464,vcan0,00A,00000000
1780704573.896476,vcan0,00A,00000000
1780704573.928474,vcan0,00A,00000000
1780704573.928515,vcan0,7D0,00000000
1780704573.928537,vcan0,606,00
1780704573.960466,vcan0,00A,00000000
1780704573.976439,vcan0,7D1,7F000000
1780704573.992477,vcan0,00A,00000000
1780704574.008444,vcan0,603,00
1780704574.008476,vcan0,604,00
1780704574.008501,vcan0,607,00000000
1780704574.024458,vcan0,00A,00000000
1780704574.056521,vcan0,00A,00000000
1780704574.088554,vcan0,00A,00000000
1780704574.120499,vcan0,00A,00000000
1780704574.152496,vcan0,00A,00000000
1780704574.184488,vcan0,00A,00000000
1780704574.216453,vcan0,00A,00000000
1780704574.216485,vcan0,603,00
1780704574.216504,vcan0,604,00
1780704574.216521,vcan0,607,00000000
1780704574.232452,vcan0,7D1,7F000000
1780704574.248646,vcan0,00A,00000000
1780704574.280488,vcan0,00A,00000000
1780704574.312458,vcan0,00A,00000000
1780704574.344452,vcan0,00A,00000000
1780704574.376443,vcan0,00A,00000000
1780704574.408443,vcan0,00A,00000000
1780704574.424455,vcan0,603,00
1780704574.424484,vcan0,604,00
1780704574.424504,vcan0,607,00000000
1780704574.440535,vcan0,00A,00000000
1780704574.440560,vcan0,7D0,00000000
1780704574.440579,vcan0,606,00
1780704574.472444,vcan0,00A,00000000
1780704574.488455,vcan0,7D1,7F000000
1780704574.504433,vcan0,00A,00000000
1780704574.536445,vcan0,00A,00000000
1780704574.568452,vcan0,00A,00000000
1780704574.601440,vcan0,00A,00000000
1780704574.633447,vcan0,00A,00000000
1780704574.633479,vcan0,603,00
1780704574.633497,vcan0,604,00
1780704574.633514,vcan0,607,00000000
1780704574.665496,vcan0,00A,19000000
1780704574.697457,vcan0,00A,4C000000
1780704574.729448,vcan0,00A,7F000000
1780704574.745606,vcan0,7D1,7F000000
1780704574.761454,vcan0,00A,B2000000
1780704574.792470,vcan0,00A,E5000000
1780704574.824453,vcan0,00A,FF000000
1780704574.840446,vcan0,603,00
1780704574.840477,vcan0,604,00
1780704574.840496,vcan0,607,00000000
1780704574.856467,vcan0,00A,FF000000
1780704574.888458,vcan0,00A,FF000000
1780704574.920460,vcan0,00A,FF000000
1780704574.952445,vcan0,00A,FF000000
1780704574.952475,vcan0,7D0,00000000
1780704574.952495,vcan0,606,00
1780704574.984450,vcan0,00A,FF000000
1780704575.000458,vcan0,7D1,7F000000
1780704575.016460,vcan0,00A,FF000000
1780704575.048478,vcan0,00A,FF000000
1780704575.048522,vcan0,603,00
1780704575.048540,vcan0,604,00
1780704575.048558,vcan0,607,00000000
1780704575.080463,vcan0,00A,FF000000
1780704575.112449,vcan0,00A,FF000000
1780704575.144480,vcan0,00A,FF000000
1780704575.176454,vcan0,00A,FF000000
1780704575.208458,vcan0,00A,FF000000
1780704575.240525,vcan0,00A,FF000000
1780704575.256442,vcan0,7D1,7F000000
1780704575.256471,vcan0,603,00
1780704575.256489,vcan0,604,00
1780704575.256506,vcan0,607,00000000
1780704575.272464,vcan0,00A,FF000000
1780704575.304471,vcan0,00A,FF000000
1780704575.336465,vcan0,00A,FF000000
1780704575.368462,vcan0,00A,FF000000
1780704575.400464,vcan0,00A,FF000000
1780704575.432462,vcan0,00A,FF000000
1780704575.464452,vcan0,00A,FF000000
1780704575.464480,vcan0,7D0,00000000
1780704575.464499,vcan0,603,00
1780704575.464515,vcan0,604,00
1780704575.464530,vcan0,606,00
1780704575.464546,vcan0,607,00000000
1780704575.496435,vcan0,00A,FF000000
1780704575.512478,vcan0,7D1,7F000000
1780704575.528474,vcan0,00A,FF000000
1780704575.560429,vcan0,00A,FF000000
1780704575.593425,vcan0,00A,FF000000
1780704575.625425,vcan0,00A,FF000000
1780704575.657433,vcan0,00A,FF000000
1780704575.673469,vcan0,603,00
1780704575.673498,vcan0,604,00
1780704575.673518,vcan0,607,00000000
1780704575.689432,vcan0,00A,FF000000
1780704575.721455,vcan0,00A,FF000000
1780704575.753465,vcan0,00A,FF000000
1780704575.768425,vcan0,7D1,7F000000
1780704575.784472,vcan0,00A,FF000000
1780704575.816488,vcan0,00A,FF000000
1780704575.848462,vcan0,00A,FF000000
1780704575.880478,vcan0,00A,FF000000
1780704575.880513,vcan0,603,00
1780704575.880531,vcan0,604,00
1780704575.880549,vcan0,607,00000000
1780704575.912492,vcan0,00A,FF000000
1780704575.944476,vcan0,00A,FF000000
1780704575.976478,vcan0,00A,FF000000
1780704575.976511,vcan0,7D0,00000000
1780704575.976535,vcan0,606,00
1780704576.008478,vcan0,00A,FF000000
1780704576.024455,vcan0,7D1,7F000000
1780704576.040451,vcan0,00A,FF000000
1780704576.072459,vcan0,00A,FF000000
1780704576.088453,vcan0,603,00
1780704576.088490,vcan0,604,00
1780704576.088510,vcan0,607,00000000
1780704576.104441,vcan0,00A,FF000000
1780704576.136473,vcan0,00A,FF000000
1780704576.168435,vcan0,00A,FF000000
1780704576.200669,vcan0,00A,FF000000
1780704576.232483,vcan0,00A,FF000000
1780704576.264436,vcan0,00A,FF000000
1780704576.280427,vcan0,7D1,7F000000
1780704576.296431,vcan0,00A,FF000000
1780704576.296460,vcan0,603,00
1780704576.296477,vcan0,604,00
1780704576.296496,vcan0,607,00000000
1780704576.328450,vcan0,00A,FF000000
1780704576.360444,vcan0,00A,FF000000
1780704576.392458,vcan0,00A,FF000000
1780704576.424445,vcan0,00A,FF000000
1780704576.456458,vcan0,00A,FF000000
1780704576.488452,vcan0,00A,FF000000
1780704576.488482,vcan0,7D0,00000000
1780704576.488504,vcan0,606,00
1780704576.504448,vcan0,603,00
1780704576.504480,vcan0,604,00
1780704576.504499,vcan0,607,00000000
1780704576.520434,vcan0,00A,FF000000
1780704576.536463,vcan0,7D1,7F000000
1780704576.552406,vcan0,00A,FF000000
1780704576.585428,vcan0,00A,FF000000
1780704576.617425,vcan0,00A,FF000000
1780704576.649431,vcan0,00A,FF000000
1780704576.681420,vcan0,00A,FF000000
1780704576.713421,vcan0,00A,FF000000
1780704576.713453,vcan0,603,00
1780704576.713474,vcan0,604,00
1780704576.713495,vcan0,607,00000000
1780704576.745426,vcan0,00A,FF000000
1780704576.776446,vcan0,00A,FF000000
1780704576.792437,vcan0,7D1,7F000000
1780704576.808455,vcan0,00A,FF000000
1780704576.840456,vcan0,00A,FF000000
1780704576.872467,vcan0,00A,FF000000
1780704576.904457,vcan0,00A,FF000000
1780704576.920414,vcan0,603,00
1780704576.920448,vcan0,604,00
1780704576.920469,vcan0,607,00000000
1780704576.936459,vcan0,00A,FF000000
1780704576.968454,vcan0,00A,FF000000
1780704577.000455,vcan0,00A,FF000000
1780704577.000486,vcan0,7D0,00000000
1780704577.000506,vcan0,606,00
1780704577.032461,vcan0,00A,FF000000
1780704577.048423,vcan0,7D1,7F000000
1780704577.064449,vcan0,00A,FF000000
1780704577.096469,vcan0,00A,FF000000
1780704577.128444,vcan0,00A,FF000000
1780704577.128478,vcan0,603,00
1780704577.128496,vcan0,604,00
1780704577.128517,vcan0,607,00000000
1780704577.160431,vcan0,00A,FF000000
1780704577.192546,vcan0,00A,FF000000
1780704577.224486,vcan0,00A,FF000000
1780704577.257499,vcan0,00A,FF000000
1780704577.289402,vcan0,00A,FF000000
1780704577.305468,vcan0,7D1,7F000000
1780704577.321404,vcan0,00A,FF000000
1780704577.337443,vcan0,603,00
1780704577.337473,vcan0,604,00
1780704577.337492,vcan0,607,00000000
1780704577.353412,vcan0,00A,FF000000
1780704577.385445,vcan0,00A,FF000000
1780704577.417429,vcan0,00A,FF000000
1780704577.449437,vcan0,00A,FF000000
1780704577.481426,vcan0,00A,FF000000
1780704577.513432,vcan0,00A,FF000000
1780704577.513468,vcan0,7D0,00000000
1780704577.513488,vcan0,606,00
1780704577.545423,vcan0,00A,FF000000
1780704577.545452,vcan0,603,00
1780704577.545470,vcan0,604,00
1780704577.545487,vcan0,607,00000000
1780704577.561426,vcan0,7D1,7F000000
1780704577.577422,vcan0,00A,FF000000
1780704577.610412,vcan0,00A,FF000000
1780704577.642399,vcan0,00A,FF000000
1780704577.674407,vcan0,00A,FF000000
1780704577.706409,vcan0,00A,FF000000
1780704577.738397,vcan0,00A,FF000000
1780704577.754438,vcan0,603,00
1780704577.754473,vcan0,604,00
1780704577.754493,vcan0,607,00000000
1780704577.769411,vcan0,00A,FF000000
1780704577.801412,vcan0,00A,FF000000
1780704577.817428,vcan0,7D1,7F000000
1780704577.833423,vcan0,00A,FF000000
1780704577.865433,vcan0,00A,FF000000
1780704577.897436,vcan0,00A,FF000000
1780704577.929435,vcan0,00A,FF000000
1780704577.961435,vcan0,00A,FF000000
1780704577.961469,vcan0,603,00
1780704577.961487,vcan0,604,00
1780704577.961504,vcan0,607,00000000
1780704577.993482,vcan0,00A,FF000000
1780704578.025451,vcan0,00A,FF000000
1780704578.025485,vcan0,7D0,00000000
1780704578.025505,vcan0,606,00
1780704578.057483,vcan0,00A,FF000000
1780704578.073479,vcan0,7D1,7F000000
1780704578.089501,vcan0,00A,FF000000
1780704578.121461,vcan0,00A,FF000000
1780704578.153478,vcan0,00A,FF000000
1780704578.169444,vcan0,603,00
1780704578.169483,vcan0,604,00
1780704578.169504,vcan0,607,00000000
1780704578.185621,vcan0,00A,FF000000
1780704578.217420,vcan0,00A,FF000000
1780704578.249401,vcan0,00A,FF000000
1780704578.281411,vcan0,00A,FF000000
1780704578.313415,vcan0,00A,FF000000
1780704578.329429,vcan0,7D1,7F000000
1780704578.345386,vcan0,00A,FF000000
1780704578.377410,vcan0,00A,FF000000
1780704578.377441,vcan0,603,00
1780704578.377458,vcan0,604,00
1780704578.377476,vcan0,607,00000000
1780704578.409411,vcan0,00A,FF000000
1780704578.441406,vcan0,00A,FF000000
1780704578.473417,vcan0,00A,FF000000
1780704578.505409,vcan0,00A,FF000000
1780704578.537417,vcan0,00A,FF000000
1780704578.537446,vcan0,7D0,00000000
1780704578.537466,vcan0,606,00
1780704578.569413,vcan0,00A,FF000000
1780704578.586415,vcan0,7D1,7F000000
1780704578.586450,vcan0,603,00
1780704578.586473,vcan0,604,00
1780704578.586492,vcan0,607,00000000
1780704578.602412,vcan0,00A,FF000000
1780704578.634394,vcan0,00A,FF000000
1780704578.666387,vcan0,00A,FF000000
1780704578.698390,vcan0,00A,FF000000
1780704578.730429,vcan0,00A,FF000000
1780704578.761565,vcan0,00A,FF000000
1780704578.793405,vcan0,00A,FF000000
1780704578.793436,vcan0,603,00
1780704578.793455,vcan0,604,00
1780704578.793473,vcan0,607,00000000
1780704578.825382,vcan0,00A,FF000000
1780704578.841407,vcan0,7D1,7F000000
1780704578.857388,vcan0,00A,FF000000
1780704578.889431,vcan0,00A,FF000000
1780704578.921437,vcan0,00A,FF000000
1780704578.953436,vcan0,00A,FF000000
1780704578.985453,vcan0,00A,FF000000
1780704579.001382,vcan0,603,00
1780704579.001411,vcan0,604,00
1780704579.001429,vcan0,607,00000000
1780704579.017452,vcan0,00A,FF000000
1780704579.049425,vcan0,00A,FF000000
1780704579.049461,vcan0,7D0,00000000
1780704579.049483,vcan0,606,00
1780704579.081415,vcan0,00A,FF000000
1780704579.097375,vcan0,7D1,7F000000
1780704579.113434,vcan0,00A,FF000000
1780704579.145526,vcan0,00A,FF000000
1780704579.177448,vcan0,00A,FF000000
1780704579.209371,vcan0,00A,FF000000
1780704579.209402,vcan0,603,00
1780704579.209420,vcan0,604,00
1780704579.209437,vcan0,607,00000000
1780704579.241377,vcan0,00A,FF000000
1780704579.273379,vcan0,00A,FF000000
1780704579.305387,vcan0,00A,FF000000
1780704579.337365,vcan0,00A,FF000000
1780704579.353415,vcan0,7D1,7F000000
1780704579.369365,vcan0,00A,FF000000
1780704579.401426,vcan0,00A,FF000000
1780704579.417415,vcan0,603,00
1780704579.417450,vcan0,604,00
1780704579.417474,vcan0,607,00000000
1780704579.433395,vcan0,00A,FF000000
1780704579.465399,vcan0,00A,FF000000
1780704579.497406,vcan0,00A,FF000000
1780704579.529409,vcan0,00A,FF000000
1780704579.561404,vcan0,00A,FF000000
1780704579.561435,vcan0,7D0,00000000
1780704579.561455,vcan0,606,00
1780704579.594405,vcan0,00A,FF000000
1780704579.610398,vcan0,7D1,7F000000
1780704579.626403,vcan0,00A,FF000000
1780704579.626434,vcan0,603,00
1780704579.626452,vcan0,604,00
1780704579.626470,vcan0,607,00000000
1780704579.658384,vcan0,00A,FF000000
1780704579.690385,vcan0,00A,FF000000
1780704579.722379,vcan0,00A,FF000000
1780704579.754404,vcan0,00A,FF000000
1780704579.785381,vcan0,00A,FF000000
1780704579.817389,vcan0,00A,FF000000
1780704579.833388,vcan0,603,00
1780704579.833418,vcan0,604,00
1780704579.833438,vcan0,607,00000000
1780704579.849395,vcan0,00A,FF000000
1780704579.865437,vcan0,7D1,7F000000
1780704579.881382,vcan0,00A,FF000000
1780704579.913383,vcan0,00A,FF000000
1780704579.945424,vcan0,00A,FF000000
1780704579.977427,vcan0,00A,FF000000
1780704580.009411,vcan0,00A,FF000000
1780704580.041409,vcan0,00A,FF000000
1780704580.041439,vcan0,603,00
1780704580.041457,vcan0,604,00
1780704580.041475,vcan0,607,00000000
1780704580.073426,vcan0,00A,FF000000
1780704580.073467,vcan0,7D0,00000000
1780704580.073487,vcan0,606,00
1780704580.105418,vcan0,00A,FF000000
1780704580.121364,vcan0,7D1,7F000000
1780704580.137427,vcan0,00A,FF000000
1780704580.169451,vcan0,00A,FF000000
1780704580.201547,vcan0,00A,FF000000
1780704580.233458,vcan0,00A,FF000000
1780704580.249402,vcan0,603,00
1780704580.249438,vcan0,604,00
1780704580.249464,vcan0,607,00000000
1780704580.265370,vcan0,00A,FF000000
1780704580.297363,vcan0,00A,FF000000
1780704580.329385,vcan0,00A,FF000000
1780704580.361364,vcan0,00A,FF000000
1780704580.377389,vcan0,7D1,7F000000
1780704580.393361,vcan0,00A,FF000000
1780704580.425365,vcan0,00A,FF000000
1780704580.457368,vcan0,00A,FF000000
1780704580.457400,vcan0,603,00
1780704580.457418,vcan0,604,00
1780704580.457434,vcan0,607,00000000
1780704580.489358,vcan0,00A,FF000000
1780704580.521388,vcan0,00A,FF000000
1780704580.553387,vcan0,00A,FF000000
1780704580.586397,vcan0,00A,FF000000
1780704580.586433,vcan0,7D0,00000000
1780704580.586460,vcan0,606,00
1780704580.618389,vcan0,00A,FF000000
1780704580.634389,vcan0,7D1,7F000000
1780704580.650393,vcan0,00A,FF000000
1780704580.666445,vcan0,603,00
1780704580.666487,vcan0,604,00
1780704580.666516,vcan0,607,00000000
1780704580.682391,vcan0,00A,FF000000
1780704580.714385,vcan0,00A,FF000000
1780704580.746388,vcan0,00A,FF000000
1780704580.777367,vcan0,00A,FF000000
1780704580.809377,vcan0,00A,FF000000
1780704580.841380,vcan0,00A,FF000000
1780704580.873363,vcan0,00A,FF000000
1780704580.873392,vcan0,603,00
1780704580.873414,vcan0,604,00
1780704580.873432,vcan0,607,00000000
1780704580.889357,vcan0,7D1,7F000000
1780704580.905355,vcan0,00A,FF000000
1780704580.937363,vcan0,00A,FF000000
1780704580.969378,vcan0,00A,FF000000
1780704581.001370,vcan0,00A,FF000000
1780704581.033402,vcan0,00A,FF000000
1780704581.065417,vcan0,00A,FF000000
1780704581.081358,vcan0,603,00
1780704581.081391,vcan0,604,00
1780704581.081415,vcan0,607,00000000
1780704581.097441,vcan0,00A,FF000000
1780704581.097484,vcan0,7D0,00000000
1780704581.097506,vcan0,606,00
1780704581.129411,vcan0,00A,FF000000
1780704581.145344,vcan0,7D1,7F000000
1780704581.161417,vcan0,00A,FF000000
1780704581.193393,vcan0,00A,FF000000
1780704581.225415,vcan0,00A,FF000000
1780704581.257543,vcan0,00A,FF000000
1780704581.289457,vcan0,00A,FF000000
1780704581.289499,vcan0,603,00
1780704581.289526,vcan0,604,00
1780704581.289550,vcan0,607,00000000
1780704581.321341,vcan0,00A,FF000000
1780704581.353349,vcan0,00A,FF000000
1780704581.385365,vcan0,00A,FF000000
1780704581.401389,vcan0,7D1,7F000000
1780704581.417338,vcan0,00A,FF000000
1780704581.449349,vcan0,00A,FF000000
1780704581.481339,vcan0,00A,FF000000
1780704581.497395,vcan0,603,00
1780704581.497424,vcan0,604,00
1780704581.497443,vcan0,607,00000000
1780704581.513337,vcan0,00A,FF000000
1780704581.545367,vcan0,00A,FF000000
1780704581.577376,vcan0,00A,FF000000
1780704581.610380,vcan0,00A,FF000000
1780704581.610410,vcan0,7D0,00000000
1780704581.610430,vcan0,606,00
1780704581.642374,vcan0,00A,FF000000
1780704581.658371,vcan0,7D1,7F000000
1780704581.674358,vcan0,00A,FF000000
1780704581.706376,vcan0,00A,FF000000
1780704581.706409,vcan0,603,00
1780704581.706432,vcan0,604,00
1780704581.706453,vcan0,607,00000000
1780704581.738374,vcan0,00A,FF000000
1780704581.769384,vcan0,00A,FF000000
1780704581.801387,vcan0,00A,FF000000
1780704581.833348,vcan0,00A,FF000000
1780704581.865362,vcan0,00A,FF000000
1780704581.897355,vcan0,00A,FF000000
1780704581.913370,vcan0,7D1,7F000000
1780704581.913398,vcan0,603,00
1780704581.913415,vcan0,604,00
1780704581.913432,vcan0,607,00000000
1780704581.929369,vcan0,00A,FF000000
1780704581.961355,vcan0,00A,FF000000
1780704581.993357,vcan0,00A,FF000000
1780704582.025352,vcan0,00A,FF000000
1780704582.057366,vcan0,00A,FF000000
1780704582.089391,vcan0,00A,FF000000
1780704582.121376,vcan0,00A,FF000000
1780704582.121405,vcan0,7D0,00000000
1780704582.121424,vcan0,603,00
1780704582.121438,vcan0,604,00
1780704582.121453,vcan0,606,00
1780704582.121469,vcan0,607,00000000
1780704582.153393,vcan0,00A,FF000000
1780704582.169337,vcan0,7D1,7F000000
1780704582.185413,vcan0,00A,FF000000
1780704582.217387,vcan0,00A,FF000000
1780704582.249409,vcan0,00A,FF000000
1780704582.281351,vcan0,00A,FF000000
1780704582.313359,vcan0,00A,FF000000
1780704582.329351,vcan0,603,00
1780704582.329382,vcan0,604,00
1780704582.329400,vcan0,607,00000000
1780704582.345345,vcan0,00A,FF000000
1780704582.377324,vcan0,00A,FF000000
1780704582.409337,vcan0,00A,FF000000
1780704582.425376,vcan0,7D1,7F000000
1780704582.441322,vcan0,00A,FF000000
1780704582.473344,vcan0,00A,FF000000
1780704582.505340,vcan0,00A,FF000000
1780704582.537352,vcan0,00A,FF000000
1780704582.537380,vcan0,603,00
1780704582.537399,vcan0,604,00
1780704582.537417,vcan0,607,00000000
1780704582.569334,vcan0,00A,FF000000
1780704582.602356,vcan0,00A,FF000000
1780704582.634363,vcan0,00A,FF000000
1780704582.634395,vcan0,7D0,00000000
1780704582.634415,vcan0,606,00
1780704582.666349,vcan0,00A,FF000000
1780704582.682337,vcan0,7D1,7F000000
1780704582.698336,vcan0,00A,FF000000
1780704582.730346,vcan0,00A,FF000000
1780704582.746334,vcan0,603,00
1780704582.746369,vcan0,604,00
1780704582.746393,vcan0,607,00000000
1780704582.761492,vcan0,00A,FF000000
1780704582.793363,vcan0,00A,FF000000
1780704582.825356,vcan0,00A,FF000000
1780704582.857374,vcan0,00A,FF000000
1780704582.889356,vcan0,00A,FF000000
1780704582.921337,vcan0,00A,FF000000
1780704582.937344,vcan0,7D1,7F000000
1780704582.953323,vcan0,00A,FF000000
1780704582.953359,vcan0,603,00
1780704582.953379,vcan0,604,00
1780704582.953396,vcan0,607,00000000
1780704582.985370,vcan0,00A,FF000000
1780704583.017331,vcan0,00A,FF000000
1780704583.049338,vcan0,00A,FF000000
1780704583.081342,vcan0,00A,FF000000
1780704583.113367,vcan0,00A,FF000000
1780704583.145383,vcan0,00A,FF000000
1780704583.145424,vcan0,7D0,00000000
1780704583.145445,vcan0,606,00
1780704583.161310,vcan0,603,00
1780704583.161337,vcan0,604,00
1780704583.161362,vcan0,607,00000000
1780704583.177378,vcan0,00A,FF000000
1780704583.193350,vcan0,7D1,7F000000
1780704583.209377,vcan0,00A,FF000000
1780704583.241373,vcan0,00A,FF000000
1780704583.273633,vcan0,00A,FF000000
1780704583.305407,vcan0,00A,FF000000
1780704583.337355,vcan0,00A,FF000000
1780704583.369309,vcan0,00A,FF000000
1780704583.369339,vcan0,603,00
1780704583.369357,vcan0,604,00
1780704583.369376,vcan0,607,00000000
1780704583.401324,vcan0,00A,FF000000
1780704583.433306,vcan0,00A,FF000000
1780704583.449357,vcan0,7D1,7F000000
1780704583.465308,vcan0,00A,FF000000
1780704583.497322,vcan0,00A,FF000000
1780704583.529320,vcan0,00A,FF000000
1780704583.561311,vcan0,00A,FF000000
1780704583.577350,vcan0,603,00
1780704583.577383,vcan0,604,00
1780704583.577405,vcan0,607,00000000
1780704583.594321,vcan0,00A,FF000000
1780704583.626333,vcan0,00A,FF000000
1780704583.658340,vcan0,00A,FF000000
1780704583.658371,vcan0,7D0,00000000
1780704583.658390,vcan0,606,00
1780704583.690341,vcan0,00A,FF000000
1780704583.706597,vcan0,7D1,7F000000
1780704583.722341,vcan0,00A,FF000000
1780704583.754353,vcan0,00A,FF000000
1780704583.785365,vcan0,00A,FF000000
1780704583.785399,vcan0,603,00
1780704583.785420,vcan0,604,00
1780704583.785440,vcan0,607,00000000
1780704583.817345,vcan0,00A,FF000000
1780704583.849363,vcan0,00A,FF000000
1780704583.881378,vcan0,00A,FF000000
1780704583.913364,vcan0,00A,FF000000
1780704583.945354,vcan0,00A,FF000000
1780704583.961316,vcan0,7D1,7F000000
1780704583.977332,vcan0,00A,FF000000
1780704583.993331,vcan0,603,00
1780704583.993359,vcan0,604,00
1780704583.993378,vcan0,607,00000000
1780704584.009313,vcan0,00A,FF000000
1780704584.041337,vcan0,00A,FF000000
1780704584.073306,vcan0,00A,FF000000
1780704584.105312,vcan0,00A,FF000000
1780704584.137332,vcan0,00A,00000000
1780704584.169315,vcan0,00A,00000000
1780704584.169345,vcan0,7D0,00000000
1780704584.169367,vcan0,606,00
1780704584.201323,vcan0,00A,00000000
1780704584.201353,vcan0,603,00
1780704584.201371,vcan0,604,00
1780704584.201389,vcan0,607,00000000
1780704584.217284,vcan0,7D1,7F000000
1780704584.233332,vcan0,00A,00000000
1780704584.265429,vcan0,00A,00000000
1780704584.297314,vcan0,00A,00000000
1780704584.329310,vcan0,00A,00000000
1780704584.361294,vcan0,00A,00000000
1780704584.393307,vcan0,00A,00000000
1780704584.409315,vcan0,603,00
1780704584.409345,vcan0,604,00
1780704584.409363,vcan0,607,00000000
1780704584.425294,vcan0,00A,00000000
1780704584.457311,vcan0,00A,00000000
1780704584.473301,vcan0,7D1,7F000000
1780704584.489299,vcan0,00A,00000000
1780704584.521287,vcan0,00A,00000000
1780704584.553299,vcan0,00A,00000000
1780704584.586304,vcan0,00A,00000000
1780704584.618304,vcan0,00A,00000000
1780704584.618337,vcan0,603,00
1780704584.618355,vcan0,604,00
1780704584.618373,vcan0,607,00000000
1780704584.650306,vcan0,00A,00000000
1780704584.682293,vcan0,00A,00000000
1780704584.682320,vcan0,7D0,00000000
1780704584.682343,vcan0,606,00
1780704584.714297,vcan0,00A,00000000
1780704584.730316,vcan0,7D1,7F000000
1780704584.746287,vcan0,00A,00000000
1780704584.777295,vcan0,00A,00000000
1780704584.809298,vcan0,00A,00000000
1780704584.825341,vcan0,603,00
1780704584.825373,vcan0,604,00
1780704584.825394,vcan0,607,00000000
1780704584.841307,vcan0,00A,00000000
1780704584.873341,vcan0,60D,08000000
1780704584.873375,vcan0,00A,00000000
1780704584.905301,vcan0,00A,00000000
1780704584.937302,vcan0,00A,00000000
1780704584.969290,vcan0,00A,00000000
1780704584.985277,vcan0,7D1,7F000000
1780704585.001308,vcan0,00A,00000000
1780704585.033299,vcan0,00A,00000000
1780704585.033332,vcan0,603,00
1780704585.033352,vcan0,604,00
1780704585.033370,vcan0,607,00000000
1780704585.065300,vcan0,00A,00000000
1780704585.097311,vcan0,00A,00000000
1780704585.129305,vcan0,00A,00000000
1780704585.161298,vcan0,00A,00000000
1780704585.193320,vcan0,00A,00000000
1780704585.193356,vcan0,7D0,FF000000
1780704585.193382,vcan0,606,00
1780704585.225302,vcan0,00A,00000000
1780704585.241270,vcan0,7D1,7F000000
1780704585.241296,vcan0,603,00
1780704585.241313,vcan0,604,00
1780704585.241330,vcan0,607,00000000
1780704585.257301,vcan0,00A,00000000
1780704585.289329,vcan0,00A,00000000
1780704585.321374,vcan0,00A,00000000
1780704585.353350,vcan0,00A,00000000
1780704585.385278,vcan0,00A,00000000
1780704585.417283,vcan0,00A,00000000
1780704585.449315,vcan0,00A,00000000
1780704585.449361,vcan0,603,00
1780704585.449388,vcan0,604,00
1780704585.449414,vcan0,607,00000000
1780704585.481300,vcan0,00A,00000000
1780704585.497343,vcan0,7D1,7F000000
1780704585.513290,vcan0,00A,00000000
1780704585.545300,vcan0,00A,00000000
1780704585.577309,vcan0,00A,00000000
1780704585.610341,vcan0,00A,00000000
1780704585.642325,vcan0,00A,00000000
1780704585.658304,vcan0,603,00
1780704585.658334,vcan0,604,00
1780704585.658352,vcan0,607,00000000
1780704585.674284,vcan0,00A,00000000
1780704585.690278,vcan0,60D,00000000
1780704585.706268,vcan0,00A,00000000
1780704585.706295,vcan0,7D0,00000000
1780704585.706314,vcan0,606,00
1780704585.738271,vcan0,00A,00000000
1780704585.754316,vcan0,7D1,7F000000
1780704585.769267,vcan0,00A,00000000
1780704585.801285,vcan0,00A,00000000
1780704585.833294,vcan0,00A,00000000
1780704585.865289,vcan0,00A,00000000
1780704585.865317,vcan0,603,00
1780704585.865335,vcan0,604,00
1780704585.865352,vcan0,607,00000000
1780704585.897353,vcan0,60D,08000000
1780704585.897405,vcan0,00A,00000000
1780704585.929299,vcan0,00A,00000000
1780704585.961281,vcan0,00A,00000000
1780704585.993298,vcan0,00A,00000000
1780704586.009284,vcan0,7D1,7F000000
1780704586.025294,vcan0,00A,00000000
1780704586.057284,vcan0,00A,00000000
1780704586.073306,vcan0,603,00
1780704586.073340,vcan0,604,00
1780704586.073365,vcan0,607,00000000
1780704586.089293,vcan0,00A,00000000
1780704586.121292,vcan0,00A,00000000
1780704586.153281,vcan0,00A,00000000
1780704586.185286,vcan0,00A,00000000
1780704586.217290,vcan0,00A,00000000
1780704586.217320,vcan0,7D0,FF000000
1780704586.217340,vcan0,606,00
1780704586.249297,vcan0,00A,00000000
1780704586.265268,vcan0,7D1,7F000000
1780704586.281312,vcan0,00A,00000000
1780704586.281356,vcan0,603,00
1780704586.281373,vcan0,604,00
1780704586.281394,vcan0,607,00000000
1780704586.313392,vcan0,00A,00000000
1780704586.345323,vcan0,00A,00000000
1780704586.377260,vcan0,00A,00000000
1780704586.409274,vcan0,00A,00000000
1780704586.441276,vcan0,00A,00000000
1780704586.473271,vcan0,00A,00000000
1780704586.489302,vcan0,603,00
1780704586.489339,vcan0,604,00
1780704586.489362,vcan0,607,00000000
1780704586.505261,vcan0,00A,00000000
1780704586.521307,vcan0,7D1,7F000000
1780704586.537260,vcan0,00A,00000000
1780704586.569278,vcan0,00A,00000000
1780704586.602269,vcan0,00A,00000000
1780704586.634288,vcan0,00A,00000000
1780704586.666287,vcan0,00A,00000000
1780704586.698299,vcan0,00A,00000000
1780704586.698330,vcan0,603,00
1780704586.698366,vcan0,604,00
1780704586.698393,vcan0,607,00000000
1780704586.730320,vcan0,00A,00000000
1780704586.730352,vcan0,7D0,FF000000
1780704586.730378,vcan0,606,00
1780704586.761454,vcan0,00A,00000000
1780704586.777309,vcan0,7D1,7F000000
1780704586.793306,vcan0,00A,00000000
1780704586.825306,vcan0,00A,00000000
1780704586.857312,vcan0,00A,00000000
1780704586.889290,vcan0,00A,00000000
1780704586.905252,vcan0,603,00
1780704586.905279,vcan0,604,00
1780704586.905298,vcan0,607,00000000
1780704586.921294,vcan0,00A,00000000
1780704586.953269,vcan0,00A,00000000
1780704586.985281,vcan0,00A,00000000
1780704587.017270,vcan0,00A,00000000
1780704587.033289,vcan0,7D1,7F000000
1780704587.049277,vcan0,00A,00000000
1780704587.081274,vcan0,00A,00000000
1780704587.113306,vcan0,00A,00000000
1780704587.113339,vcan0,603,00
1780704587.113368,vcan0,604,00
1780704587.113392,vcan0,607,00000000
1780704587.145290,vcan0,00A,00000000
1780704587.177290,vcan0,00A,00000000
1780704587.209307,vcan0,00A,00000000
1780704587.241309,vcan0,00A,00000000
1780704587.241344,vcan0,7D0,FF000000
1780704587.241364,vcan0,606,00
1780704587.273296,vcan0,00A,00000000
1780704587.289272,vcan0,7D1,7F000000
1780704587.305305,vcan0,00A,00000000
1780704587.321265,vcan0,603,00
1780704587.321297,vcan0,604,00
1780704587.321318,vcan0,607,00000000
1780704587.337310,vcan0,00A,00000000
1780704587.369354,vcan0,00A,00000000
1780704587.401317,vcan0,00A,00000000
1780704587.433299,vcan0,00A,00000000
1780704587.465281,vcan0,00A,00000000
1780704587.497249,vcan0,00A,00000000
1780704587.529264,vcan0,00A,00000000
1780704587.529301,vcan0,603,00
1780704587.529321,vcan0,604,00
1780704587.529338,vcan0,607,00000000
1780704587.545282,vcan0,7D1,7F000000
1780704587.561252,vcan0,00A,00000000
1780704587.594251,vcan0,00A,00000000
1780704587.626255,vcan0,00A,00000000
1780704587.658250,vcan0,00A,00000000
1780704587.690268,vcan0,00A,00000000
1780704587.722255,vcan0,00A,00000000
1780704587.738281,vcan0,603,00
1780704587.738309,vcan0,604,00
1780704587.738328,vcan0,607,00000000
1780704587.754269,vcan0,00A,00000000
1780704587.754298,vcan0,7D0,FF000000
1780704587.754318,vcan0,606,00
1780704587.785293,vcan0,00A,00000000
1780704587.801284,vcan0,7D1,7F000000
1780704587.817273,vcan0,00A,00000000
1780704587.849277,vcan0,00A,00000000
1780704587.881295,vcan0,00A,00000000
1780704587.913299,vcan0,00A,00000000
1780704587.945289,vcan0,00A,00000000
1780704587.945335,vcan0,603,00
1780704587.945360,vcan0,604,00
1780704587.945380,vcan0,607,00000000
1780704587.977287,vcan0,00A,00000000
1780704588.009290,vcan0,00A,00000000
1780704588.041285,vcan0,00A,00000000
1780704588.057240,vcan0,7D1,7F000000
1780704588.073258,vcan0,00A,00000000
1780704588.105269,vcan0,00A,00000000
1780704588.137275,vcan0,00A,00000000
1780704588.153263,vcan0,603,00
1780704588.153293,vcan0,604,00
1780704588.153313,vcan0,607,00000000
1780704588.169247,vcan0,00A,00000000
1780704588.201253,vcan0,00A,00000000
1780704588.233263,vcan0,00A,00000000
1780704588.265282,vcan0,00A,00000000
1780704588.265318,vcan0,7D0,FF000000
1780704588.265339,vcan0,606,00
1780704588.297303,vcan0,00A,00000000
1780704588.313236,vcan0,7D1,7F000000
1780704588.329306,vcan0,00A,00000000
1780704588.361434,vcan0,00A,00000000
1780704588.361483,vcan0,603,00
1780704588.361509,vcan0,604,00
1780704588.361532,vcan0,607,00000000
1780704588.393322,vcan0,00A,00000000
1780704588.425266,vcan0,00A,00000000
1780704588.457265,vcan0,00A,00000000
1780704588.489278,vcan0,00A,00000000
1780704588.521284,vcan0,00A,00000000
1780704588.553278,vcan0,00A,00000000
1780704588.569268,vcan0,7D1,7F000000
1780704588.569309,vcan0,603,00
1780704588.569327,vcan0,604,00
1780704588.569345,vcan0,607,00000000
1780704588.586268,vcan0,00A,00000000
1780704588.618228,vcan0,00A,00000000
1780704588.650237,vcan0,00A,00000000
1780704588.682237,vcan0,00A,00000000
1780704588.714244,vcan0,00A,00000000
1780704588.746251,vcan0,00A,00000000
1780704588.777250,vcan0,00A,00000000
1780704588.777289,vcan0,7D0,FF000000
1780704588.777308,vcan0,603,00
1780704588.777325,vcan0,604,00
1780704588.777346,vcan0,606,00
1780704588.777365,vcan0,607,00000000
1780704588.809230,vcan0,00A,00000000
1780704588.825434,vcan0,7D1,7F000000
1780704588.841253,vcan0,00A,00000000
1780704588.873263,vcan0,00A,00000000
1780704588.905276,vcan0,00A,00000000
1780704588.937288,vcan0,00A,00000000
1780704588.969284,vcan0,00A,00000000
1780704588.985233,vcan0,603,00
1780704588.985262,vcan0,604,00
1780704588.985281,vcan0,607,00000000
1780704589.001251,vcan0,00A,00000000
1780704589.033285,vcan0,00A,00000000
1780704589.065276,vcan0,00A,00000000
1780704589.081249,vcan0,7D1,7F000000
1780704589.097276,vcan0,00A,00000000
1780704589.129242,vcan0,00A,00000000
1780704589.161250,vcan0,00A,00000000
1780704589.193246,vcan0,00A,00000000
1780704589.193276,vcan0,603,00
1780704589.193299,vcan0,604,00
1780704589.193318,vcan0,607,00000000
1780704589.225248,vcan0,00A,00000000
1780704589.257257,vcan0,00A,00000000
1780704589.289367,vcan0,00A,00000000
1780704589.289403,vcan0,7D0,FF000000
1780704589.289426,vcan0,606,00
1780704589.321237,vcan0,00A,00000000
1780704589.337273,vcan0,7D1,7F000000
1780704589.353241,vcan0,00A,00000000
1780704589.385260,vcan0,00A,00000000
1780704589.401240,vcan0,603,00
1780704589.401269,vcan0,604,00
1780704589.401289,vcan0,607,00000000
1780704589.417235,vcan0,00A,00000000
1780704589.449242,vcan0,00A,00000000
1780704589.481249,vcan0,00A,00000000
1780704589.513259,vcan0,00A,00000000
1780704589.545241,vcan0,00A,00000000
1780704589.577273,vcan0,00A,00000000
1780704589.594248,vcan0,7D1,7F000000
1780704589.610205,vcan0,00A,00000000
1780704589.610234,vcan0,603,00
1780704589.610251,vcan0,604,00
1780704589.610268,vcan0,607,00000000
1780704589.642232,vcan0,00A,00000000
1780704589.674249,vcan0,00A,00000000
1780704589.706218,vcan0,00A,00000000
1780704589.738216,vcan0,00A,00000000
1780704589.769233,vcan0,00A,00000000
1780704589.801234,vcan0,00A,00000000
1780704589.801266,vcan0,7D0,FF000000
1780704589.801286,vcan0,606,00
1780704589.817335,vcan0,603,00
1780704589.817377,vcan0,604,00
1780704589.817397,vcan0,607,00000000
1780704589.833210,vcan0,00A,00000000
1780704589.849271,vcan0,7D1,7F000000
1780704589.865230,vcan0,00A,00000000
1780704589.897226,vcan0,00A,00000000
1780704589.929253,vcan0,00A,00000000
1780704589.961260,vcan0,00A,00000000
1780704589.993266,vcan0,00A,00000000
1780704590.025253,vcan0,00A,00000000
1780704590.025284,vcan0,603,00
1780704590.025301,vcan0,604,00
1780704590.025318,vcan0,607,00000000
1780704590.057249,vcan0,00A,00000000
1780704590.089274,vcan0,00A,00000000
1780704590.105213,vcan0,7D1,7F000000
1780704590.121261,vcan0,00A,00000000
1780704590.153264,vcan0,00A,00000000
1780704590.185266,vcan0,00A,00000000
1780704590.217234,vcan0,00A,00000000
1780704590.233247,vcan0,603,00
1780704590.233279,vcan0,604,00
1780704590.233298,vcan0,607,00000000
1780704590.249225,vcan0,00A,00000000
1780704590.281228,vcan0,00A,00000000
1780704590.313244,vcan0,00A,00000000
1780704590.313278,vcan0,7D0,FF000000
1780704590.313299,vcan0,606,00
1780704590.345347,vcan0,00A,00000000
1780704590.361263,vcan0,7D1,7F000000
1780704590.377261,vcan0,00A,00000000
1780704590.409211,vcan0,00A,00000000
1780704590.441210,vcan0,00A,00000000
1780704590.441244,vcan0,603,00
1780704590.441262,vcan0,604,00
1780704590.441280,vcan0,607,00000000
1780704590.473245,vcan0,00A,00000000
1780704590.505245,vcan0,00A,00000000
1780704590.537240,vcan0,00A,00000000
1780704590.569237,vcan0,00A,00000000
1780704590.602242,vcan0,00A,00000000
1780704590.618233,vcan0,7D1,7F000000
1780704590.634228,vcan0,00A,00000000
1780704590.650226,vcan0,603,00
1780704590.650253,vcan0,604,00
1780704590.650272,vcan0,607,00000000
1780704590.666224,vcan0,00A,00000000
1780704590.698207,vcan0,00A,00000000
1780704590.730210,vcan0,00A,00000000
1780704590.761352,vcan0,00A,00000000
1780704590.793226,vcan0,00A,00000000
1780704590.825215,vcan0,00A,00000000
1780704590.825246,vcan0,7D0,FF000000
1780704590.825265,vcan0,606,00
1780704590.857222,vcan0,00A,00000000
1780704590.857253,vcan0,603,00
1780704590.857274,vcan0,604,00
1780704590.857298,vcan0,607,00000000
1780704590.873369,vcan0,7D1,7F000000
1780704590.889213,vcan0,00A,00000000
1780704590.921223,vcan0,00A,00000000
1780704590.953215,vcan0,00A,00000000
1780704590.985209,vcan0,00A,00000000
1780704591.017247,vcan0,00A,00000000
1780704591.049243,vcan0,00A,00000000
1780704591.065191,vcan0,603,00
1780704591.065223,vcan0,604,00
1780704591.065244,vcan0,607,00000000
1780704591.081238,vcan0,00A,00000000
1780704591.113228,vcan0,00A,00000000
1780704591.129172,vcan0,7D1,7F000000
1780704591.145242,vcan0,00A,00000000
1780704591.177238,vcan0,00A,00000000
1780704591.209236,vcan0,00A,00000000
1780704591.241243,vcan0,00A,00000000
1780704591.273240,vcan0,00A,00000000
1780704591.273275,vcan0,603,00
1780704591.273295,vcan0,604,00
1780704591.273314,vcan0,607,00000000
1780704591.305212,vcan0,00A,00000000
1780704591.337238,vcan0,00A,00000000
1780704591.337276,vcan0,7D0,FF000000
1780704591.337301,vcan0,606,00
1780704591.369234,vcan0,00A,00000000
1780704591.385226,vcan0,7D1,7F000000
1780704591.401422,vcan0,00A,00000000
1780704591.433235,vcan0,00A,00000000
1780704591.465197,vcan0,00A,00000000
1780704591.481268,vcan0,603,00
1780704591.481304,vcan0,604,00
1780704591.481326,vcan0,607,00000000
1780704591.497206,vcan0,00A,00000000
1780704591.529206,vcan0,00A,00000000
1780704591.561272,vcan0,00A,00000000
1780704591.594263,vcan0,00A,00000000
1780704591.626262,vcan0,00A,00000000
1780704591.642262,vcan0,7D1,7F000000
1780704591.658243,vcan0,00A,00000000
1780704591.690253,vcan0,00A,00000000
1780704591.690287,vcan0,603,00
1780704591.690312,vcan0,604,00
1780704591.690333,vcan0,607,00000000
1780704591.722273,vcan0,00A,00000000
1780704591.754246,vcan0,00A,00000000
1780704591.785265,vcan0,00A,00000000
1780704591.817236,vcan0,00A,00000000
1780704591.849207,vcan0,00A,00000000
1780704591.849237,vcan0,7D0,FF000000
1780704591.849256,vcan0,606,00
1780704591.881223,vcan0,00A,00000000
1780704591.897324,vcan0,7D1,7F000000
1780704591.897395,vcan0,603,00
1780704591.897420,vcan0,604,00
1780704591.897440,vcan0,607,00000000
1780704591.913212,vcan0,00A,00000000
1780704591.945204,vcan0,00A,00000000
1780704591.977212,vcan0,00A,00000000
1780704592.009205,vcan0,00A,00000000
1780704592.041204,vcan0,00A,00000000
1780704592.073249,vcan0,00A,00000000
1780704592.105223,vcan0,00A,00000000
1780704592.105253,vcan0,603,00
1780704592.105271,vcan0,604,00
1780704592.105288,vcan0,607,00000000
1780704592.137218,vcan0,00A,00000000
1780704592.153163,vcan0,7D1,7F000000
1780704592.169207,vcan0,00A,00000000
1780704592.201250,vcan0,00A,00000000
1780704592.233238,vcan0,00A,00000000
1780704592.265246,vcan0,60D,00000000
1780704592.265279,vcan0,00A,00000000
1780704592.297233,vcan0,00A,00000000
1780704592.313206,vcan0,603,00
1780704592.313244,vcan0,604,00
1780704592.313272,vcan0,607,00000000
1780704592.329224,vcan0,00A,00000000
1780704592.361256,vcan0,00A,00000000
1780704592.361296,vcan0,7D0,00000000
1780704592.361323,vcan0,606,00
1780704592.393244,vcan0,00A,00000000
1780704592.409192,vcan0,7D1,7F000000
1780704592.425204,vcan0,00A,00000000
1780704592.457206,vcan0,00A,00000000
1780704592.489186,vcan0,00A,00000000
1780704592.521176,vcan0,00A,00000000
1780704592.521210,vcan0,603,00
1780704592.521227,vcan0,604,00
1780704592.521245,vcan0,607,00000000
1780704592.553178,vcan0,00A,00000000
1780704592.586174,vcan0,00A,00000000
1780704592.618202,vcan0,00A,00000000
1780704592.650172,vcan0,00A,00000000
1780704592.666186,vcan0,7D1,7F000000
1780704592.682183,vcan0,00A,00000000
1780704592.714241,vcan0,00A,00000000
1780704592.730218,vcan0,603,00
1780704592.730250,vcan0,604,00
1780704592.730269,vcan0,607,00000000
1780704592.746205,vcan0,00A,00000000
1780704592.777211,vcan0,00A,00000000
1780704592.809225,vcan0,00A,00000000
1780704592.841213,vcan0,00A,00000000
1780704592.873226,vcan0,00A,00000000
1780704592.873261,vcan0,7D0,00000000
1780704592.873288,vcan0,606,00
1780704592.905214,vcan0,00A,00000000
1780704592.921270,vcan0,7D1,7F000000
1780704592.937282,vcan0,00A,00000000
1780704592.937334,vcan0,603,00
1780704592.937354,vcan0,604,00
1780704592.937372,vcan0,607,00000000
1780704592.969213,vcan0,00A,00000000
1780704593.001215,vcan0,00A,00000000
1780704593.033194,vcan0,00A,00000000
1780704593.065187,vcan0,00A,00000000
1780704593.097190,vcan0,00A,00000000
1780704593.129178,vcan0,00A,00000000
1780704593.145153,vcan0,603,00
1780704593.145177,vcan0,604,00
1780704593.145200,vcan0,607,00000000
1780704593.161174,vcan0,00A,00000000
1780704593.177174,vcan0,7D1,7F000000
1780704593.193193,vcan0,00A,00000000
1780704593.225177,vcan0,00A,00000000
1780704593.257215,vcan0,00A,00000000
1780704593.289236,vcan0,00A,00000000
1780704593.321238,vcan0,00A,00000000
1780704593.353236,vcan0,00A,00000000
1780704593.353276,vcan0,603,00
1780704593.353294,vcan0,604,00
1780704593.353312,vcan0,607,00000000
1780704593.385246,vcan0,00A,00000000
1780704593.385278,vcan0,7D0,00000000
1780704593.385298,vcan0,606,00
1780704593.417332,vcan0,00A,00000000
1780704593.433211,vcan0,7D1,7F000000
1780704593.449203,vcan0,00A,00000000
1780704593.481170,vcan0,00A,00000000
1780704593.513159,vcan0,00A,00000000
1780704593.545178,vcan0,00A,00000000
1780704593.561172,vcan0,603,00
1780704593.561207,vcan0,604,00
1780704593.561225,vcan0,607,00000000
1780704593.577149,vcan0,00A,00000000
1780704593.610163,vcan0,00A,00000000
1780704593.642173,vcan0,00A,00000000
1780704593.674172,vcan0,00A,00000000
1780704593.690160,vcan0,7D1,7F000000
1780704593.706151,vcan0,00A,00000000
1780704593.738177,vcan0,00A,00000000
1780704593.769186,vcan0,00A,00000000
1780704593.769220,vcan0,603,00
1780704593.769245,vcan0,604,00
1780704593.769268,vcan0,607,00000000
1780704593.801190,vcan0,00A,00000000
1780704593.833167,vcan0,00A,00000000
1780704593.865153,vcan0,00A,00000000
1780704593.897275,vcan0,00A,00000000
1780704593.897304,vcan0,7D0,00000000
1780704593.897325,vcan0,606,00
1780704593.929153,vcan0,00A,00000000
1780704593.945252,vcan0,7D1,7F000000
1780704593.961163,vcan0,00A,00000000
1780704593.977286,vcan0,603,00
1780704593.977326,vcan0,604,00
1780704593.977350,vcan0,607,00000000
1780704593.993200,vcan0,00A,00000000
1780704594.025384,vcan0,00A,00000000
1780704594.057224,vcan0,00A,00000000
1780704594.089273,vcan0,00A,00000000
1780704594.121194,vcan0,00A,00000000
1780704594.153202,vcan0,00A,00000000
1780704594.185185,vcan0,00A,00000000
1780704594.185221,vcan0,603,00
1780704594.185239,vcan0,604,00
1780704594.185256,vcan0,607,00000000
1780704594.201160,vcan0,7D1,7F000000
1780704594.217199,vcan0,00A,00000000
1780704594.249191,vcan0,00A,00000000
1780704594.281244,vcan0,00A,00000000
1780704594.313199,vcan0,00A,00000000
1780704594.345186,vcan0,00A,00000000
1780704594.377186,vcan0,00A,00000000
1780704594.393151,vcan0,603,00
1780704594.393179,vcan0,604,00
1780704594.393203,vcan0,607,00000000
1780704594.409187,vcan0,00A,00000000
1780704594.409219,vcan0,7D0,00000000
1780704594.409238,vcan0,606,00
1780704594.441219,vcan0,00A,00000000
1780704594.457160,vcan0,7D1,7F000000
1780704594.473309,vcan0,00A,00000000
1780704594.505246,vcan0,00A,00000000
1780704594.537153,vcan0,00A,00000000
1780704594.569164,vcan0,00A,00000000
1780704594.602144,vcan0,00A,00000000
1780704594.602172,vcan0,603,00
1780704594.602195,vcan0,604,00
1780704594.602212,vcan0,607,00000000
1780704594.634152,vcan0,00A,00000000
1780704594.666150,vcan0,00A,00000000
1780704594.698150,vcan0,00A,00000000
1780704594.714155,vcan0,7D1,7F000000
1780704594.730152,vcan0,00A,00000000
1780704594.761304,vcan0,00A,00000000
1780704594.793157,vcan0,00A,00000000
1780704594.809160,vcan0,603,00
1780704594.809200,vcan0,604,00
1780704594.809222,vcan0,607,00000000
1780704594.825124,vcan0,00A,00000000
1780704594.857174,vcan0,00A,00000000
1780704594.889159,vcan0,00A,00000000
1780704594.921165,vcan0,00A,00000000
1780704594.921200,vcan0,7D0,00000000
1780704594.921220,vcan0,606,00
1780704594.953152,vcan0,00A,00000000
1780704594.969177,vcan0,7D1,7F000000
1780704594.985144,vcan0,00A,00000000
1780704595.017139,vcan0,00A,00000000
1780704595.017168,vcan0,603,00
1780704595.017189,vcan0,604,00
1780704595.017207,vcan0,607,00000000
1780704595.049146,vcan0,00A,00000000
1780704595.081152,vcan0,00A,00000000
1780704595.113247,vcan0,00A,00000000
1780704595.145159,vcan0,00A,00000000
1780704595.177158,vcan0,00A,00000000
1780704595.209168,vcan0,00A,00000000
1780704595.225204,vcan0,7D1,7F000000
1780704595.225239,vcan0,603,00
1780704595.225262,vcan0,604,00
1780704595.225284,vcan0,607,00000000
1780704595.241239,vcan0,00A,00000000
1780704595.273166,vcan0,00A,00000000
1780704595.305151,vcan0,00A,00000000
1780704595.337225,vcan0,00A,00000000
1780704595.369257,vcan0,00A,00000000
1780704595.401149,vcan0,00A,00000000
1780704595.433175,vcan0,00A,00000000
1780704595.433222,vcan0,7D0,00000000
1780704595.433243,vcan0,603,00
1780704595.433262,vcan0,604,00
1780704595.433284,vcan0,606,00
1780704595.433302,vcan0,607,00000000
1780704595.465175,vcan0,00A,00000000
1780704595.481133,vcan0,7D1,7F000000
1780704595.497146,vcan0,00A,00000000
1780704595.529276,vcan0,00A,00000000
1780704595.561226,vcan0,00A,00000000
1780704595.594230,vcan0,00A,00000000
1780704595.626132,vcan0,00A,00000000
1780704595.642134,vcan0,603,00
1780704595.642163,vcan0,604,00
1780704595.642183,vcan0,607,00000000
1780704595.658138,vcan0,00A,00000000
1780704595.690173,vcan0,00A,00000000
1780704595.722128,vcan0,00A,00000000
1780704595.738143,vcan0,7D1,7F000000
1780704595.754118,vcan0,00A,00000000
1780704595.785141,vcan0,00A,00000000
1780704595.817138,vcan0,00A,00000000
1780704595.849134,vcan0,00A,00000000
1780704595.849170,vcan0,603,00
1780704595.849197,vcan0,604,00
1780704595.849220,vcan0,607,00000000
1780704595.881129,vcan0,00A,00000000
1780704595.913118,vcan0,00A,00000000
1780704595.945133,vcan0,00A,00000000
1780704595.945167,vcan0,7D0,00000000
1780704595.945199,vcan0,606,00
1780704595.977114,vcan0,00A,00000000
1780704595.993161,vcan0,7D1,7F000000
1780704596.009151,vcan0,00A,00000000
1780704596.041132,vcan0,00A,00000000
1780704596.057232,vcan0,603,00
1780704596.057297,vcan0,604,00
1780704596.057336,vcan0,607,00000000
1780704596.073123,vcan0,00A,00000000
1780704596.105125,vcan0,00A,00000000
1780704596.137152,vcan0,00A,00000000
1780704596.169134,vcan0,00A,00000000
1780704596.201121,vcan0,00A,00000000
1780704596.233142,vcan0,00A,00000000
1780704596.249135,vcan0,7D1,7F000000
1780704596.265150,vcan0,00A,00000000
1780704596.265187,vcan0,603,00
1780704596.265205,vcan0,604,00
1780704596.265223,vcan0,607,00000000
1780704596.297148,vcan0,00A,00000000
1780704596.329144,vcan0,00A,00000000
1780704596.361128,vcan0,00A,00000000
1780704596.393141,vcan0,00A,00000000
1780704596.425135,vcan0,00A,00000000
1780704596.457149,vcan0,00A,00000000
1780704596.457192,vcan0,7D0,00000000
1780704596.457221,vcan0,606,00
1780704596.473099,vcan0,603,00
1780704596.473123,vcan0,604,00
1780704596.473142,vcan0,607,00000000
1780704596.489117,vcan0,00A,00000000
1780704596.505127,vcan0,7D1,7F000000
1780704596.521134,vcan0,00A,00000000
1780704596.553141,vcan0,00A,00000000
1780704596.586146,vcan0,00A,00000000
1780704596.618339,vcan0,00A,00000000
1780704596.650178,vcan0,00A,00000000
1780704596.682126,vcan0,00A,00000000
1780704596.682159,vcan0,603,00
1780704596.682184,vcan0,604,00
1780704596.682209,vcan0,607,00000000
1780704596.714112,vcan0,00A,00000000
1780704596.746107,vcan0,00A,00000000
1780704596.761294,vcan0,7D1,7F000000
1780704596.777110,vcan0,00A,00000000
1780704596.809112,vcan0,00A,00000000
1780704596.841114,vcan0,00A,00000000
1780704596.873132,vcan0,00A,00000000
1780704596.889156,vcan0,603,00
1780704596.889206,vcan0,604,00
1780704596.889227,vcan0,607,00000000
1780704596.905117,vcan0,00A,00000000
1780704596.937109,vcan0,00A,00000000
1780704596.969110,vcan0,00A,00000000
1780704596.969139,vcan0,7D0,00000000
1780704596.969158,vcan0,606,00
1780704597.001106,vcan0,00A,00000000
1780704597.017125,vcan0,7D1,7F000000
1780704597.033103,vcan0,00A,00000000
1780704597.065107,vcan0,00A,00000000
1780704597.097129,vcan0,00A,00000000
1780704597.097163,vcan0,603,00
1780704597.097185,vcan0,604,00
1780704597.097204,vcan0,607,00000000
1780704597.129112,vcan0,00A,00000000
1780704597.161116,vcan0,00A,00000000
1780704597.193124,vcan0,00A,00000000
1780704597.225117,vcan0,00A,00000000
1780704597.257116,vcan0,00A,00000000
1780704597.273099,vcan0,7D1,7F000000
1780704597.289140,vcan0,00A,00000000
1780704597.305118,vcan0,603,00
1780704597.305152,vcan0,604,00
1780704597.305171,vcan0,607,00000000
1780704597.321116,vcan0,00A,00000000
1780704597.353115,vcan0,00A,00000000
1780704597.385125,vcan0,00A,00000000
1780704597.417129,vcan0,00A,00000000
1780704597.449117,vcan0,00A,00000000
1780704597.481132,vcan0,00A,00000000
1780704597.481173,vcan0,7D0,00000000
1780704597.481199,vcan0,606,00
1780704597.513127,vcan0,00A,00000000
1780704597.513162,vcan0,603,00
1780704597.513184,vcan0,604,00
1780704597.513214,vcan0,607,00000000
1780704597.529091,vcan0,7D1,7F000000
1780704597.545134,vcan0,00A,00000000
1780704597.577143,vcan0,00A,00000000
1780704597.610139,vcan0,00A,00000000
1780704597.642203,vcan0,00A,00000000
1780704597.674200,vcan0,00A,00000000
1780704597.706100,vcan0,00A,00000000
1780704597.722104,vcan0,603,00
1780704597.722132,vcan0,604,00
1780704597.722152,vcan0,607,00000000
1780704597.738099,vcan0,00A,00000000
1780704597.769094,vcan0,00A,00000000
1780704597.785138,vcan0,7D1,7F000000
1780704597.801102,vcan0,00A,00000000
1780704597.833079,vcan0,00A,00000000
1780704597.865096,vcan0,00A,00000000
1780704597.897095,vcan0,00A,00000000
1780704597.929105,vcan0,00A,00000000
1780704597.929135,vcan0,603,00
1780704597.929152,vcan0,604,00
1780704597.929170,vcan0,607,00000000
1780704597.961090,vcan0,00A,00000000
1780704597.993090,vcan0,00A,00000000
1780704597.993122,vcan0,7D0,00000000
1780704597.993142,vcan0,606,00
1780704598.025113,vcan0,00A,00000000
1780704598.041114,vcan0,7D1,7F000000
